{"background": 0.1477447084575024, "pedestrian": 62.524084186715896, "cyclist": 59.82204096270234, "car": 38.52842021768776}