{"background": 0.14474028280958956, "pedestrian": 44.11070549909185, "cyclist": 42.41380972837762, "car": 26.540809717845715}